{
    "mae": 1.6810755897106804,
    "r2": 0.951860077755417
}